City_ID,City,Country,Date,Lat,Lng,Max Temp,Humidity,Cloudiness,Wind Speed
0,Kavieng,PG,2021-12-06 03:26:21,-2.5744,150.7967,83.53,74,88,6.58
1,Bluff,NZ,2021-12-06 03:26:21,-46.6,168.3333,57.79,56,8,21.39
2,Atuona,PF,2021-12-06 03:23:48,-9.8,-139.0333,78.89,73,4,17.74
3,Castro,BR,2021-12-06 03:26:22,-24.7911,-50.0119,60.58,95,82,2.84
4,Hermanus,ZA,2021-12-06 03:26:22,-34.4187,19.2345,59.9,94,100,9.71
5,Chokurdakh,RU,2021-12-06 03:26:23,70.6333,147.9167,-42.75,99,62,6.15
6,Creel,MX,2021-12-06 03:26:23,27.75,-107.6333,40.71,56,1,1.23
7,Ushuaia,AR,2021-12-06 03:21:34,-54.8,-68.3,44.26,65,20,23.02
8,Viedma,AR,2021-12-06 03:26:24,-40.8135,-62.9967,65.05,32,0,13.24
9,Mataura,NZ,2021-12-06 03:23:45,-46.1927,168.8643,57.47,41,77,8.43
10,Yellowknife,CA,2021-12-06 03:26:24,62.456,-114.3525,-20.58,82,1,5.75
11,Mar Del Plata,AR,2021-12-06 03:26:25,-38.0023,-57.5575,63.88,86,0,15.01
12,Coihaique,CL,2021-12-06 03:25:01,-45.5752,-72.0662,50.83,95,11,4.76
13,Mandalgovi,MN,2021-12-06 03:26:25,45.7625,106.2708,22.77,37,0,11.88
14,San Patricio,US,2021-12-06 03:26:26,28.017,-97.5169,75.88,85,100,14.32
15,Coahuayana,MX,2021-12-06 03:26:26,18.7333,-103.6833,80.08,93,100,1.95
16,Kodiak,US,2021-12-06 03:26:27,57.79,-152.4072,35.11,75,90,14.97
17,Hithadhoo,MV,2021-12-06 03:26:27,-0.6,73.0833,81.46,78,99,11.27
18,Ponta Do Sol,PT,2021-12-06 03:26:28,32.6667,-17.1,65.03,65,14,9.24
19,Chicama,PE,2021-12-06 03:26:28,-7.8447,-79.1469,63.14,80,100,6.53
20,Pirapemas,BR,2021-12-06 03:26:28,-3.7267,-44.2233,75.06,92,80,2.21
21,Pevek,RU,2021-12-06 03:26:29,69.7008,170.3133,-9.62,96,100,16.67
22,Rikitea,PF,2021-12-06 03:26:29,-23.1203,-134.9692,76.89,73,96,7.02
23,Bredasdorp,ZA,2021-12-06 03:26:30,-34.5322,20.0403,60.12,94,100,9.22
24,Mumford,GH,2021-12-06 03:26:30,5.2618,-0.759,79.47,86,26,7.76
25,Sao Filipe,CV,2021-12-06 03:26:30,14.8961,-24.4956,74.95,74,40,10.31
26,Buala,SB,2021-12-06 03:26:31,-8.145,159.5921,78.4,89,100,17.16
27,Ishigaki,JP,2021-12-06 03:26:31,24.3448,124.1572,75.33,57,40,16.11
28,Beloha,MG,2021-12-06 03:26:32,-25.1667,45.05,75.0,79,10,3.18
29,West Monroe,US,2021-12-06 03:26:32,32.5185,-92.1476,69.8,74,1,8.05
30,Khangarh,PK,2021-12-06 03:26:32,29.9173,71.1618,51.87,32,0,7.16
31,Punta Arenas,CL,2021-12-06 03:24:59,-53.15,-70.9167,44.46,71,97,8.08
32,Gornyak,RU,2021-12-06 03:26:33,50.9942,81.4661,18.73,86,100,4.94
33,Barrow,US,2021-12-06 03:25:02,71.2906,-156.7887,19.42,73,90,19.57
34,Norman Wells,CA,2021-12-06 03:26:34,65.282,-126.8329,-29.16,68,20,3.44
35,Ribeira Grande,PT,2021-12-06 03:26:34,38.5167,-28.7,63.75,72,86,9.33
36,Avarua,CK,2021-12-06 03:26:35,-21.2078,-159.775,80.65,83,20,5.75
37,New Norfolk,AU,2021-12-06 03:26:35,-42.7826,147.0587,73.71,45,93,8.01
38,Luwuk,ID,2021-12-06 03:26:35,-0.9516,122.7875,86.43,73,100,3.11
39,Hokitika,NZ,2021-12-06 03:26:36,-42.7167,170.9667,58.86,57,95,8.88
40,Pisco,PE,2021-12-06 03:24:54,-13.7,-76.2167,66.25,82,0,12.66
41,Cape Town,ZA,2021-12-06 03:26:36,-33.9258,18.4232,60.12,93,75,1.99
42,Haines Junction,CA,2021-12-06 03:26:37,60.7522,-137.5108,-2.11,100,100,0.69
43,Shumikha,RU,2021-12-06 03:26:37,55.2261,63.2961,24.22,91,100,3.74
44,Sydney,AU,2021-12-06 03:23:37,-33.8679,151.2073,71.37,61,75,3.0
45,Dikson,RU,2021-12-06 03:27:38,73.5069,80.5464,-12.14,98,100,8.48
46,Kargil,IN,2021-12-06 03:27:38,34.5667,76.1,13.91,80,57,3.06
47,Lata,PT,2021-12-06 03:27:39,40.1629,-8.3327,52.81,96,34,0.94
48,Bagaha,IN,2021-12-06 03:27:39,27.1,84.0833,71.24,62,26,2.68
49,Ligatne,LV,2021-12-06 03:27:39,57.2343,25.0406,3.25,89,72,3.0
50,Hobart,AU,2021-12-06 03:27:40,-42.8794,147.3294,73.26,51,40,5.01
51,Gat,IL,2021-12-06 03:27:40,31.61,34.7642,58.41,57,18,5.66
52,Guerrero Negro,MX,2021-12-06 03:27:41,27.9769,-114.0611,62.26,86,0,11.99
53,Upernavik,GL,2021-12-06 03:27:41,72.7868,-56.1549,27.91,78,100,1.57
54,Carnarvon,AU,2021-12-06 03:27:42,-24.8667,113.6333,80.67,69,0,18.41
55,Bethel,US,2021-12-06 03:27:03,41.3712,-73.414,45.54,68,90,4.61
56,Kiama,AU,2021-12-06 03:27:42,-34.6833,150.8667,74.25,64,100,5.01
57,Marzuq,YE,2021-12-06 03:27:43,14.4,46.4667,56.98,43,0,2.15
58,Constitucion,CL,2021-12-06 03:27:43,-35.3333,-72.4167,56.23,90,4,7.4
59,Bengkulu,ID,2021-12-06 03:27:43,-3.8004,102.2655,82.04,75,98,9.51
60,Aquiraz,BR,2021-12-06 03:27:44,-3.9014,-38.3911,84.22,69,45,15.79
61,Itarema,BR,2021-12-06 03:27:44,-2.9248,-39.9167,80.92,81,28,16.35
62,Vaini,TO,2021-12-06 03:27:45,-21.2,-175.2,82.56,83,75,10.36
63,Severo-Kurilsk,RU,2021-12-06 03:27:45,50.6789,156.125,33.78,85,92,16.62
64,Busselton,AU,2021-12-06 03:27:45,-33.65,115.3333,68.04,45,43,12.39
65,Mamlyutka,KZ,2021-12-06 03:27:46,54.9375,68.5394,26.62,97,100,5.28
66,Kaitangata,NZ,2021-12-06 03:27:46,-46.2817,169.8464,54.93,57,71,8.72
67,Cherskiy,RU,2021-12-06 03:27:47,68.75,161.3,-32.22,96,100,2.71
68,Bilma,NE,2021-12-06 03:27:47,18.6853,12.9164,62.28,21,2,7.7
69,Kharan,PK,2021-12-06 03:27:47,28.5833,65.4167,51.75,36,48,6.2
70,Havelock,US,2021-12-06 03:27:48,34.8791,-76.9013,57.15,89,67,0.92
71,Souillac,MU,2021-12-06 03:27:48,-20.5167,57.5167,79.18,78,75,12.66
72,Ulaangom,MN,2021-12-06 03:27:49,49.9811,92.0667,10.56,86,100,2.98
73,Georgetown,MY,2021-12-06 03:24:31,5.4112,100.3354,82.89,70,20,1.99
74,Khandbari,NP,2021-12-06 03:27:49,27.3747,87.2039,66.47,55,2,1.45
75,Popondetta,PG,2021-12-06 03:27:16,-8.7537,148.2534,91.76,51,41,6.15
76,Tiksi,RU,2021-12-06 03:27:50,71.6872,128.8694,-19.68,96,100,7.81
77,Sola,VU,2021-12-06 03:27:50,-13.8833,167.55,81.27,83,90,5.75
78,Saint George,US,2021-12-06 03:27:51,37.1041,-113.5841,59.34,37,1,3.0
79,Antigonish,CA,2021-12-06 03:27:51,45.6169,-61.9986,29.93,76,96,7.29
80,Jammalamadugu,IN,2021-12-06 03:27:51,14.8333,78.4,77.88,62,11,1.43
81,Aguia Branca,BR,2021-12-06 03:27:52,-18.9831,-40.7403,70.14,96,97,1.23
82,Kahului,US,2021-12-06 03:27:34,20.8947,-156.47,74.46,92,90,12.66
83,Berbera,SO,2021-12-06 03:27:52,10.4396,45.0143,74.46,70,23,5.66
84,Mount Gambier,AU,2021-12-06 03:27:53,-37.8333,140.7667,76.91,38,40,18.41
85,Verkhnyaya Inta,RU,2021-12-06 03:27:53,65.9811,60.3094,2.71,95,100,13.35
86,Tasiilaq,GL,2021-12-06 03:27:54,65.6145,-37.6368,29.19,94,100,16.22
87,Lasa,IT,2021-12-06 03:27:54,46.6166,10.7002,27.48,93,91,6.49
88,Port Alfred,ZA,2021-12-06 03:23:39,-33.5906,26.891,66.49,93,77,23.51
89,Sinnamary,GF,2021-12-06 03:27:54,5.3833,-52.95,76.48,89,100,5.26
90,Kataysk,RU,2021-12-06 03:27:55,56.289,62.5841,24.48,90,100,5.99
91,Bolobo,CD,2021-12-06 03:28:55,-2.1667,16.2333,72.23,97,100,2.01
92,Jamestown,US,2021-12-06 03:28:56,42.097,-79.2353,50.72,52,90,11.01
93,Krasnoselkup,RU,2021-12-06 03:28:56,65.7,82.4667,-35.05,100,36,4.63
94,Codrington,AU,2021-12-06 03:28:56,-38.2667,141.9667,74.84,40,100,11.99
95,Acarau,BR,2021-12-06 03:28:57,-2.8856,-40.12,81.07,81,34,16.75
96,Nikolskoye,RU,2021-12-06 03:28:57,59.7035,30.7861,-4.61,98,6,4.63
97,Gornopravdinsk,RU,2021-12-06 03:28:58,60.05,69.9,-14.19,100,71,2.19
98,Mehamn,NO,2021-12-06 03:25:11,71.0357,27.8492,30.74,94,98,26.64
99,Shagonar,RU,2021-12-06 03:28:58,51.5333,92.8,4.57,97,99,1.68
100,Puerto Ayora,EC,2021-12-06 03:28:58,-0.7393,-90.3518,67.77,90,48,8.3
101,Albany,US,2021-12-06 03:28:57,42.6001,-73.9662,41.81,50,100,5.99
102,Nemuro,JP,2021-12-06 03:28:59,43.3236,145.575,43.23,71,28,24.23
103,Khatanga,RU,2021-12-06 03:28:59,71.9667,102.5,-15.65,98,100,7.31
104,Innisfail,AU,2021-12-06 03:29:00,-17.5333,146.0333,94.87,53,6,9.73
105,Tuktoyaktuk,CA,2021-12-06 03:29:00,69.4541,-133.0374,-11.2,70,1,12.66
106,Kudahuvadhoo,MV,2021-12-06 03:29:01,2.6708,72.8944,82.2,77,32,13.87
107,Bocaiuva,BR,2021-12-06 03:29:01,-17.1078,-43.815,73.11,89,1,3.09
108,Taber,CA,2021-12-06 03:29:01,49.8167,-112.1518,6.84,88,100,8.05
109,Chimbote,PE,2021-12-06 03:29:02,-9.0853,-78.5783,65.5,87,100,8.72
110,Villa Maria,AR,2021-12-06 03:29:02,-32.4075,-63.2402,63.75,84,14,4.76
111,Lompoc,US,2021-12-06 03:29:02,34.6391,-120.4579,59.22,94,1,4.61
112,Qaanaaq,GL,2021-12-06 03:25:05,77.484,-69.3632,19.74,82,100,6.96
113,Eyl,SO,2021-12-06 03:29:03,7.9803,49.8164,73.09,71,2,13.71
114,Nouakchott,MR,2021-12-06 03:29:04,18.0858,-15.9785,73.33,28,100,15.5
115,Clyde River,CA,2021-12-06 03:29:04,70.4692,-68.5914,10.63,85,100,29.93
116,Arraial Do Cabo,BR,2021-12-06 03:25:10,-22.9661,-42.0278,73.87,90,58,18.16
117,Gavle,SE,2021-12-06 03:29:05,60.6745,17.1417,19.36,86,100,3.0
118,Trat,TH,2021-12-06 03:29:05,12.5,102.5,80.8,60,94,9.04
119,Ojinaga,MX,2021-12-06 03:29:05,29.5667,-104.4167,65.41,42,1,8.05
120,Requena,ES,2021-12-06 03:29:06,39.4883,-1.1004,44.53,73,32,14.12
121,Mpika,ZM,2021-12-06 03:29:06,-11.8343,31.4529,63.03,67,15,4.45
122,Belyy Yar,RU,2021-12-06 03:29:06,53.6039,91.3903,11.86,79,63,0.0
123,Hasaki,JP,2021-12-06 03:29:07,35.7333,140.8333,54.28,58,100,8.84
124,Necochea,AR,2021-12-06 03:29:07,-38.5473,-58.7368,56.03,84,0,8.12
125,Tando Adam,PK,2021-12-06 03:29:08,25.7637,68.661,55.45,23,0,5.97
126,Port Lincoln,AU,2021-12-06 03:29:08,-34.7333,135.8667,68.92,55,76,14.61
127,Heihe,CN,2021-12-06 03:29:09,50.2441,127.4902,10.98,73,3,8.7
128,Kapaa,US,2021-12-06 03:29:09,22.0752,-159.319,76.98,80,40,3.0
129,Zaraza,VE,2021-12-06 03:29:10,9.3503,-65.3245,73.17,93,68,4.0
130,Torbay,CA,2021-12-06 03:29:10,47.6666,-52.7314,31.68,80,75,18.41
131,Porto Seguro,BR,2021-12-06 03:29:10,-16.4497,-39.0647,73.92,100,40,3.44
132,Vostok,RU,2021-12-06 03:29:11,46.4856,135.8833,30.65,94,100,7.56
133,Tucuman,AR,2021-12-06 03:29:11,-26.8241,-65.2226,75.2,73,90,0.0
134,Saint-Philippe,RE,2021-12-06 03:29:11,-21.3585,55.7679,81.95,74,29,8.97
135,Bambous Virieux,MU,2021-12-06 03:25:08,-20.3428,57.7575,79.05,78,75,12.66
136,New Richmond,US,2021-12-06 03:29:12,45.123,-92.5366,33.03,64,90,18.41
137,Balingasay,PH,2021-12-06 03:29:12,16.3573,119.8564,79.56,63,89,6.31
138,Rocha,UY,2021-12-06 03:30:13,-34.4833,-54.3333,58.59,97,24,2.08
139,Pangnirtung,CA,2021-12-06 03:30:13,66.1451,-65.7125,4.82,98,100,7.49
140,Severnyy,RU,2021-12-06 03:30:14,50.677,36.5532,24.84,93,75,4.47
141,Alta Gracia,AR,2021-12-06 03:30:14,-31.6529,-64.4283,66.97,79,74,1.34
142,San Rafael,AR,2021-12-06 03:30:14,-34.6177,-68.3301,68.59,63,1,8.32
143,Beringovskiy,RU,2021-12-06 03:30:15,63.05,179.3167,4.86,77,100,19.44
144,Vestmanna,FO,2021-12-06 03:30:15,62.1564,-7.1664,38.32,75,75,21.85
145,Arawa,PG,2021-12-06 03:30:16,-6.2132,155.5367,83.75,80,100,0.89
146,Saint-Joseph,RE,2021-12-06 03:27:39,-21.3667,55.6167,80.96,72,15,8.93
147,Vestmannaeyjar,IS,2021-12-06 03:30:16,63.4427,-20.2734,43.32,58,27,19.17
148,Cidreira,BR,2021-12-06 03:30:17,-30.1811,-50.2056,69.21,86,70,12.37
149,Fairbanks,US,2021-12-06 03:30:03,64.8378,-147.7164,15.24,78,90,0.0
150,Grand Gaube,MU,2021-12-06 03:30:17,-20.0064,57.6608,79.38,73,26,5.99
151,Tezu,IN,2021-12-06 03:30:18,27.9167,96.1667,76.15,43,100,2.68
152,Cabo San Lucas,MX,2021-12-06 03:25:25,22.8909,-109.9124,76.51,71,40,2.3
153,Saint-Georges,GD,2021-12-06 03:30:18,12.0564,-61.7485,80.28,74,20,23.02
154,Acapulco,MX,2021-12-06 03:30:19,16.8634,-99.8901,80.42,78,1,5.75
155,Geraldton,AU,2021-12-06 03:30:19,-28.7667,114.6,94.12,37,0,23.02
156,Axim,GH,2021-12-06 03:30:20,4.8699,-2.2405,79.12,86,47,5.84
157,Mayo,US,2021-12-06 03:30:20,38.8876,-76.5119,50.34,77,90,3.44
158,Concarneau,FR,2021-12-06 03:30:20,47.875,-3.9225,45.37,74,100,7.31
159,Hun,LY,2021-12-06 03:30:21,29.1268,15.9477,48.36,42,0,6.8
160,Puerto Escondido,MX,2021-12-06 03:30:21,15.85,-97.0667,77.83,78,1,3.44
161,Palmer,US,2021-12-06 03:29:08,42.1584,-72.3287,40.73,61,90,3.44
162,San Joaquin,US,2021-12-06 03:30:22,37.9333,-121.3011,51.35,87,1,8.05
163,Soyo,AO,2021-12-06 03:30:22,-6.1349,12.3689,77.97,89,100,4.7
164,Coquimbo,CL,2021-12-06 03:30:22,-29.9533,-71.3436,58.66,85,55,2.59
165,Nome,US,2021-12-06 03:30:23,64.5011,-165.4064,31.1,98,100,25.59
166,Devils Lake,US,2021-12-06 03:28:06,48.1128,-98.8651,4.98,86,90,17.0
167,Benguela,AO,2021-12-06 03:30:23,-12.5763,13.4055,75.56,86,84,3.2
168,Butembo,CD,2021-12-06 03:30:24,0.15,29.2833,55.87,94,98,2.89
169,Pacifica,US,2021-12-06 03:25:48,37.6138,-122.4869,56.68,91,40,3.0
170,Provideniya,RU,2021-12-06 03:30:25,64.3833,-173.3,26.71,80,40,8.95
171,Bandarbeyla,SO,2021-12-06 03:30:25,9.4942,50.8122,76.3,64,6,14.16
172,Victoria,HK,2021-12-06 03:29:57,22.2855,114.1577,71.26,50,84,1.01
173,Arlit,NE,2021-12-06 03:30:25,18.7369,7.3853,64.76,20,32,3.27
174,Butaritari,KI,2021-12-06 03:30:26,3.0707,172.7902,81.46,79,97,14.29
175,Chuy,UY,2021-12-06 03:30:26,-33.6971,-53.4616,62.08,93,66,5.57
176,Margate,GB,2021-12-06 03:30:27,51.3813,1.3862,40.3,94,100,7.96
177,Namibe,AO,2021-12-06 03:27:53,-15.1961,12.1522,71.26,67,12,3.27
178,Bhojudih,IN,2021-12-06 03:30:27,23.6333,86.45,73.31,68,54,5.28
179,Goundam,ML,2021-12-06 03:30:28,16.4145,-3.6708,65.28,15,50,9.95
180,Hambantota,LK,2021-12-06 03:30:28,6.1241,81.1185,80.94,94,75,2.3
181,Sumter,US,2021-12-06 03:30:28,28.7086,-82.0831,66.97,81,74,2.28
182,Mufumbwe,ZM,2021-12-06 03:30:29,-13.6833,24.8,63.19,94,95,4.9
183,East London,ZA,2021-12-06 03:27:51,-33.0153,27.9116,65.34,100,75,8.05
184,Galveston,US,2021-12-06 03:31:29,29.3669,-94.9669,75.31,93,20,5.01
185,Aksarka,RU,2021-12-06 03:31:30,66.5606,67.7975,-10.62,85,90,13.35
186,Klaksvik,FO,2021-12-06 03:31:30,62.2266,-6.589,40.12,70,100,28.14
187,Kristiinankaupunki,FI,2021-12-06 03:31:31,62.2743,21.376,3.58,91,8,6.82
188,Toowoomba,AU,2021-12-06 03:31:31,-27.55,151.9667,75.94,66,98,1.99
189,Arcos,BR,2021-12-06 03:31:32,-20.2819,-45.5394,65.71,93,32,2.21
190,Sitka,US,2021-12-06 03:31:32,57.0531,-135.33,35.49,75,90,10.36
191,La Ronge,CA,2021-12-06 03:31:32,55.1001,-105.2842,-12.75,77,1,4.61
192,Lavrentiya,RU,2021-12-06 03:31:33,65.5833,-171.0,24.57,96,100,14.47
193,Sovetskiy,RU,2021-12-06 03:31:33,61.3614,63.5842,-3.14,98,100,2.39
194,Murray Bridge,AU,2021-12-06 03:31:33,-35.1167,139.2667,84.83,40,44,11.5
195,Hilo,US,2021-12-06 03:31:14,19.7297,-155.09,74.93,90,90,13.8
196,College,US,2021-12-06 03:31:05,64.8569,-147.8028,16.23,80,75,0.0
197,San Ignacio,BZ,2021-12-06 03:31:34,17.1561,-89.0714,71.74,94,40,0.0
198,Waipawa,NZ,2021-12-06 03:31:35,-41.4122,175.5153,52.45,96,100,7.78
199,Turbat,PK,2021-12-06 03:31:35,26.0023,63.044,68.07,20,24,10.51
200,Richards Bay,ZA,2021-12-06 03:31:36,-28.783,32.0377,75.79,76,76,11.25
201,Tsogni,GA,2021-12-06 03:31:36,-2.7942,10.0988,73.67,94,100,5.91
202,Fortuna,US,2021-12-06 03:31:36,40.5982,-124.1573,50.36,74,90,0.0
203,Thompson,CA,2021-12-06 03:31:34,55.7435,-97.8558,-23.64,76,1,8.05
204,Stabat,ID,2021-12-06 03:31:37,3.761,98.4513,82.6,73,76,3.47
205,Port Augusta,AU,2021-12-06 03:31:28,-32.5,137.7667,82.71,36,31,9.82
206,Loikaw,MM,2021-12-06 03:31:37,19.6742,97.2094,72.1,60,43,3.91
207,Tiznit,MA,2021-12-06 03:31:38,29.5833,-9.5,53.11,54,0,1.21
208,Wanlaweyn,SO,2021-12-06 03:31:38,2.6185,44.8938,75.25,77,18,10.47
209,Kodinsk,RU,2021-12-06 03:31:39,58.6881,99.1844,25.11,96,100,2.39
210,Ancud,CL,2021-12-06 03:31:39,-41.8697,-73.8203,60.42,81,0,2.06
211,Quang Ngai,VN,2021-12-06 03:30:41,15.1167,108.8,68.14,90,100,9.37
212,Esperance,AU,2021-12-06 03:31:40,-33.8667,121.9,73.24,67,88,18.72
213,Avera,US,2021-12-06 03:27:36,33.194,-82.5271,57.7,76,29,6.35
214,Pacific Grove,US,2021-12-06 03:30:15,36.6177,-121.9166,56.37,92,1,1.01
215,Iqaluit,CA,2021-12-06 03:29:48,63.7506,-68.5145,11.93,61,90,18.99
216,Dunedin,NZ,2021-12-06 03:31:41,-45.8742,170.5036,54.81,66,94,3.0
217,Runcorn,GB,2021-12-06 03:31:41,53.3417,-2.7312,39.9,93,100,6.91
218,Asau,RO,2021-12-06 03:31:42,46.4333,26.4,34.75,84,100,1.59
219,Itirucu,BR,2021-12-06 03:31:42,-13.5317,-40.1503,61.59,99,25,1.9
220,Santa Cruz,BO,2021-12-06 03:30:03,-17.8,-63.1667,78.26,73,75,11.5
221,Tarn Taran,IN,2021-12-06 03:31:43,31.45,74.9253,55.29,60,0,4.54
222,San Quintin,MX,2021-12-06 03:31:43,30.4833,-115.95,58.66,87,0,8.21
223,Lumberton,US,2021-12-06 03:29:28,34.6182,-79.0086,55.22,92,85,4.54
224,Praia Da Vitoria,PT,2021-12-06 03:31:43,38.7333,-27.0667,59.25,88,40,4.76
225,Swan Hill,AU,2021-12-06 03:31:44,-35.3378,143.5544,85.87,23,85,10.22
226,Robertsport,LR,2021-12-06 03:31:44,6.7533,-11.3686,80.24,80,59,7.11
227,Coracora,PE,2021-12-06 03:31:45,-15.0333,-73.7833,52.34,73,100,1.86
228,Umm Lajj,SA,2021-12-06 03:32:45,25.0213,37.2685,71.2,56,54,10.51
229,Waspan,NI,2021-12-06 03:32:46,14.7419,-83.9717,72.66,98,21,3.0
230,Leningradskiy,RU,2021-12-06 03:32:46,69.3833,178.4167,-2.78,97,100,23.29
231,Veshenskaya,RU,2021-12-06 03:32:47,49.6303,41.7334,27.82,95,100,7.14
232,Westport,US,2021-12-06 03:31:07,41.1415,-73.3579,48.88,74,75,1.99
233,Narsaq,GL,2021-12-06 03:32:47,60.9167,-46.05,25.02,82,70,16.35
234,Brodick,GB,2021-12-06 03:32:48,55.5754,-5.1472,39.15,94,100,27.38
235,Colac,AU,2021-12-06 03:32:48,-38.3333,143.5833,85.01,28,99,15.55
236,Georgiyevka,KZ,2021-12-06 03:32:48,43.0369,74.7114,39.24,93,98,2.24
237,Chakia,IN,2021-12-06 03:32:49,26.4167,85.05,76.57,52,0,5.77
238,Naze,JP,2021-12-06 03:32:49,28.3667,129.4833,72.52,63,87,11.48
239,Flinders,AU,2021-12-06 03:32:50,-34.5833,150.8552,74.05,65,100,9.51
240,Amur,RU,2021-12-06 03:32:50,54.0,128.0,12.33,73,92,8.1
241,Olafsvik,IS,2021-12-06 03:32:50,64.8945,-23.7142,41.07,81,97,18.9
242,Taonan,CN,2021-12-06 03:32:51,45.3333,122.7833,30.11,61,0,10.8
243,Alofi,NU,2021-12-06 03:32:51,-19.0595,-169.9187,80.49,74,84,16.11
244,Saldanha,ZA,2021-12-06 03:32:39,-33.0117,17.9442,59.05,87,100,16.84
245,Bubaque,GW,2021-12-06 03:32:52,11.2833,-15.8333,80.76,65,79,9.1
246,Caravelas,BR,2021-12-06 03:32:52,-17.7125,-39.2481,73.2,90,1,5.14
247,Camacupa,AO,2021-12-06 03:32:53,-12.0167,17.4833,61.56,95,100,2.28
248,Ranong,TH,2021-12-06 03:32:53,9.9658,98.6348,82.33,60,82,13.71
249,Tokur,RU,2021-12-06 03:32:53,53.1333,132.9,6.64,91,100,10.18
250,Malanje,AO,2021-12-06 03:32:54,-9.5402,16.341,62.19,96,100,3.22
251,Oga,IT,2021-12-06 03:32:54,46.4631,10.347,20.08,98,87,5.28
252,Dhemaji,IN,2021-12-06 03:32:55,27.4833,94.5833,66.27,53,82,3.36
253,Shenjiamen,CN,2021-12-06 03:32:55,29.9576,122.298,57.65,59,0,7.25
254,Modasa,IN,2021-12-06 03:32:56,23.4667,73.3,75.47,43,0,8.01
255,Luderitz,NA,2021-12-06 03:32:56,-26.6481,15.1594,59.68,85,0,11.03
256,Tres Lagoas,BR,2021-12-06 03:32:56,-20.7511,-51.6783,75.29,70,21,2.33
257,Grindavik,IS,2021-12-06 03:32:57,63.8424,-22.4338,37.87,87,40,18.41
258,Talnakh,RU,2021-12-06 03:32:57,69.4865,88.3972,-14.8,99,100,13.69
259,Sao Felix Do Xingu,BR,2021-12-06 03:32:58,-6.6447,-51.995,70.18,94,96,1.03
260,Spring Hill,US,2021-12-06 03:30:00,28.4769,-82.5255,68.29,83,1,0.0
261,Faro,PT,2021-12-06 03:32:58,37.0194,-7.9322,51.58,87,0,8.05
262,Tupik,RU,2021-12-06 03:32:59,54.4253,119.9327,13.32,70,81,4.81
263,Kiunga,PG,2021-12-06 03:32:59,-6.1219,141.2906,91.51,50,85,2.93
264,Yerbogachen,RU,2021-12-06 03:32:59,61.2767,108.0108,-16.4,98,69,3.69
265,Ranot,TH,2021-12-06 03:33:00,7.7777,100.3213,80.87,64,55,12.3
266,Pushkinskiye Gory,RU,2021-12-06 03:33:00,57.0209,28.9103,3.22,97,91,4.7
267,Salalah,OM,2021-12-06 03:33:00,17.0151,54.0924,73.49,35,0,9.22
268,Altay,CN,2021-12-06 03:33:01,47.8667,88.1167,28.58,60,65,6.13
269,Beltiug,RO,2021-12-06 03:33:01,47.55,22.85,37.58,93,90,0.0
270,Conde,BR,2021-12-06 03:33:02,-7.2597,-34.9075,78.26,83,20,8.05
271,Semikarakorsk,RU,2021-12-06 03:33:02,47.5194,40.8112,38.07,87,100,1.97
272,Mogadishu,SO,2021-12-06 03:33:02,2.0371,45.3438,78.67,77,17,12.46
273,Mana,GF,2021-12-06 03:33:03,5.6592,-53.7767,76.24,92,100,9.69
274,Sao Jose Da Coroa Grande,BR,2021-12-06 03:33:03,-8.8978,-35.1478,77.41,84,17,10.51
275,Aguimes,ES,2021-12-06 03:34:04,27.9054,-15.4461,63.23,63,75,19.57
276,Assiniboia,CA,2021-12-06 03:34:04,49.6334,-105.9845,-2.29,77,100,10.36
277,Pochutla,MX,2021-12-06 03:34:05,15.7432,-96.4661,76.82,78,0,3.71
278,Katsuura,JP,2021-12-06 03:34:05,35.1333,140.3,55.11,70,100,8.19
279,Bam,IR,2021-12-06 03:34:05,29.106,58.357,58.15,29,52,2.64
280,Vao,NC,2021-12-06 03:33:09,-22.6667,167.4833,76.73,81,100,12.33
281,Duvan,RU,2021-12-06 03:34:06,55.695,57.9024,17.55,92,99,7.83
282,Vryburg,ZA,2021-12-06 03:34:07,-26.9566,24.7284,59.95,73,0,5.91
283,Osmena,PH,2021-12-06 03:34:07,10.5208,119.9258,82.09,70,67,17.85
284,Aljezur,PT,2021-12-06 03:34:08,37.3191,-8.8033,51.26,85,0,9.78
285,Tignere,CM,2021-12-06 03:34:08,7.3667,12.65,68.11,35,100,0.76
286,Santo Antonio Do Leverger,BR,2021-12-06 03:34:08,-15.8656,-56.0767,75.58,92,100,0.96
287,Dukhovshchina,RU,2021-12-06 03:34:09,55.1919,32.4111,21.92,99,100,4.29
288,Henties Bay,NA,2021-12-06 03:34:09,-22.116,14.2845,55.85,92,4,2.55
289,Samsun,TR,2021-12-06 03:34:10,41.25,36.3333,56.98,51,75,4.61
290,Paita,PE,2021-12-06 03:34:10,-5.0892,-81.1144,66.09,86,100,10.83
291,Charyshskoye,RU,2021-12-06 03:34:11,51.3978,83.5598,28.31,79,100,4.5
292,Anadyr,RU,2021-12-06 03:34:11,64.75,177.4833,-1.7,84,90,38.01
293,Nanma,CN,2021-12-06 03:34:11,36.1817,118.1583,49.14,43,57,10.67
294,Luis Correia,BR,2021-12-06 03:34:12,-2.8792,-41.6669,80.56,80,82,14.07
295,North Bend,US,2021-12-06 03:34:12,43.4065,-124.2243,47.95,97,1,3.44
296,Sabinas,MX,2021-12-06 03:33:06,27.85,-101.1167,72.0,69,100,8.3
297,Kirakira,SB,2021-12-06 03:34:13,-10.4544,161.9205,79.39,88,99,11.56
298,La Rioja,ES,2021-12-06 03:34:13,42.25,-2.5,37.49,97,100,10.25
299,Verkh-Usugli,RU,2021-12-06 03:34:14,52.7,115.1667,18.05,72,71,4.0
300,Klyuchi,RU,2021-12-06 03:34:14,52.2667,79.1667,25.77,87,100,7.65
301,Husavik,IS,2021-12-06 03:34:14,66.0449,-17.3389,37.31,79,100,23.49
302,Ambon,ID,2021-12-06 03:34:15,-3.6954,128.1814,89.74,58,20,12.66
303,Vlahita,RO,2021-12-06 03:34:15,46.35,25.5167,34.16,76,98,2.98
304,Muros,ES,2021-12-06 03:32:44,42.7762,-9.0603,53.24,95,86,5.84
305,Najran,SA,2021-12-06 03:34:16,17.4924,44.1277,48.85,36,0,1.88
306,Sobolevo,RU,2021-12-06 03:34:16,54.4299,31.8996,25.68,96,100,6.49
307,Mapiripan,CO,2021-12-06 03:34:16,2.8892,-72.1256,73.71,90,89,3.27
308,Rio Gallegos,AR,2021-12-06 03:34:17,-51.6226,-69.2181,50.05,46,0,5.75
309,Muhos,FI,2021-12-06 03:34:17,64.808,25.9931,1.18,98,71,3.22
310,Aykhal,RU,2021-12-06 03:34:18,66.0,111.5,-25.28,98,79,7.85
311,Beira,MZ,2021-12-06 03:34:18,-19.8436,34.8389,75.29,94,20,4.61
312,Roma,US,2021-12-06 03:34:18,43.2128,-75.4557,46.85,62,90,13.8
313,Jining,CN,2021-12-06 03:34:19,35.405,116.5814,52.45,39,0,15.75
314,Carutapera,BR,2021-12-06 03:34:19,-1.195,-46.02,78.21,87,55,5.97
315,Camacha,PT,2021-12-06 03:34:20,33.0833,-16.3333,61.56,63,75,11.5
316,Topolobampo,MX,2021-12-06 03:34:20,25.6,-109.05,67.91,68,20,2.3
317,Saskylakh,RU,2021-12-06 03:34:20,71.9167,114.0833,-31.49,99,94,5.06
318,Kununurra,AU,2021-12-06 03:34:21,-15.7667,128.7333,87.78,66,100,4.61
319,Terrace Bay,CA,2021-12-06 03:34:21,48.7834,-87.1,20.82,94,100,20.31
320,Tatvan,TR,2021-12-06 03:34:22,38.5067,42.2817,34.45,46,3,2.17
321,Dukat,RU,2021-12-06 03:34:22,62.55,155.55,-31.18,99,10,4.45
322,Binzhou,CN,2021-12-06 03:35:22,37.3667,118.0167,52.27,50,5,14.34
323,Kirensk,RU,2021-12-06 03:35:23,57.7853,108.1119,21.87,94,100,3.42
324,Jalu,LY,2021-12-06 03:35:23,29.0331,21.5482,53.89,64,50,6.67
325,Athabasca,CA,2021-12-06 03:30:39,54.7169,-113.2854,-5.98,73,0,7.31
326,Port Elizabeth,ZA,2021-12-06 03:35:24,-33.918,25.5701,64.69,88,0,9.22
327,Ndende,GA,2021-12-06 03:35:24,-2.4008,11.3581,73.67,99,100,1.5
328,Batemans Bay,AU,2021-12-06 03:35:24,-35.7167,150.1833,73.2,63,100,9.6
329,Shingu,JP,2021-12-06 03:35:25,33.7333,135.9833,63.59,79,100,4.14
330,Nizwa,OM,2021-12-06 03:35:25,22.9333,57.5333,66.96,56,0,1.25
331,Cabedelo,BR,2021-12-06 03:35:26,-6.9811,-34.8339,79.47,79,39,15.01
332,Canavieiras,BR,2021-12-06 03:35:26,-15.675,-38.9472,72.57,91,0,1.3
333,The Valley,AI,2021-12-06 03:35:27,18.217,-63.0578,81.1,75,78,22.08
334,Arman,RU,2021-12-06 03:35:27,59.7,150.1667,-9.4,84,8,5.03
335,Zweibrucken,DE,2021-12-06 03:35:27,49.25,7.3667,36.88,80,90,3.44
336,Atbasar,KZ,2021-12-06 03:35:28,51.8,68.3333,9.63,90,99,6.13
337,Airai,TL,2021-12-06 03:35:28,-8.9266,125.4092,71.58,73,98,2.17
338,Plettenberg Bay,ZA,2021-12-06 03:35:29,-34.0527,23.3716,63.46,95,99,8.21
339,General Roca,AR,2021-12-06 03:35:29,-39.0333,-67.5833,73.8,32,0,15.03
340,Tuatapere,NZ,2021-12-06 03:35:29,-46.1333,167.6833,56.82,53,73,10.04
341,Portland,US,2021-12-06 03:33:06,45.5234,-122.6762,41.9,90,1,1.99
342,Honiara,SB,2021-12-06 03:35:30,-9.4333,159.95,80.29,87,100,10.33
343,Merrill,US,2021-12-06 03:31:43,45.1805,-89.6835,31.77,98,90,5.75
344,Upata,VE,2021-12-06 03:35:30,8.0086,-62.3989,73.18,93,41,5.79
345,Mocuba,MZ,2021-12-06 03:35:31,-16.8392,36.9856,80.13,59,33,4.65
346,Pangkalanbuun,ID,2021-12-06 03:35:31,-2.6833,111.6167,84.7,69,93,7.65
347,Khash,IR,2021-12-06 03:35:32,28.2211,61.2158,51.98,30,5,1.83
348,Derzhavinsk,KZ,2021-12-06 03:35:32,51.1,66.3167,16.25,86,100,7.85
349,Manokwari,ID,2021-12-06 03:34:04,-0.8667,134.0833,84.09,73,87,3.36
350,Tabuk,PH,2021-12-06 03:35:33,17.4189,121.4443,77.74,69,54,5.66
351,Teguise,ES,2021-12-06 03:35:34,29.0605,-13.564,61.02,72,20,17.27
352,Stokmarknes,NO,2021-12-06 03:35:34,68.5646,14.9108,17.38,74,10,6.49
353,Priargunsk,RU,2021-12-06 03:35:34,50.3691,119.1012,18.66,78,9,9.04
354,Cascais,PT,2021-12-06 03:35:35,38.6979,-9.4215,56.52,66,4,1.01
355,Komsomolskiy,UZ,2021-12-06 03:35:35,40.4272,71.7189,35.02,80,40,4.61
356,Yar-Sale,RU,2021-12-06 03:35:36,66.8333,70.8333,-10.98,87,91,15.75
357,Sivas,TR,2021-12-06 03:33:02,39.7916,37.0019,30.83,93,0,6.91
358,Lanzhou,CN,2021-12-06 03:35:36,36.0564,103.7922,38.48,26,28,3.24
359,Polson,US,2021-12-06 03:35:36,47.6936,-114.1632,25.41,69,84,3.0
360,Katobu,ID,2021-12-06 03:35:37,-4.9408,122.5276,77.63,91,100,5.19
361,Jasper,US,2021-12-06 03:34:00,37.2001,-94.3502,59.05,61,75,8.01
362,Luganville,VU,2021-12-06 03:35:37,-15.5333,167.1667,84.16,73,33,6.26
363,Sukhobezvodnoye,RU,2021-12-06 03:35:38,57.0491,44.8891,7.16,82,21,5.06
364,Yatou,CN,2021-12-06 03:35:38,37.15,122.3833,53.74,56,100,10.83
365,Anloga,GH,2021-12-06 03:35:39,5.7947,0.8973,82.62,81,65,11.56
366,Hailar,CN,2021-12-06 03:35:39,49.2,119.7,18.16,81,6,11.9
367,Longyearbyen,SJ,2021-12-06 03:34:36,78.2186,15.6401,19.24,79,75,12.66
368,Kuala Sungai Baru,MY,2021-12-06 03:36:40,2.3594,102.0353,82.54,75,100,2.33
369,Port-Gentil,GA,2021-12-06 03:36:40,-0.7193,8.7815,79.25,86,100,10.25
370,Mishawaka,US,2021-12-06 03:36:41,41.662,-86.1586,55.63,96,90,3.0
371,Adrar,MR,2021-12-06 03:36:41,20.5022,-10.0711,58.69,17,100,10.27
372,Haukipudas,FI,2021-12-06 03:36:41,65.1765,25.3523,1.45,97,80,5.17
373,Dingle,PH,2021-12-06 03:36:42,10.9995,122.6711,83.46,66,74,11.41
374,Okha,RU,2021-12-06 03:36:42,53.5739,142.9478,18.3,86,30,7.58
375,Porto Novo,BJ,2021-12-06 03:36:43,6.4965,2.6036,84.02,87,57,5.17
376,Berdigestyakh,RU,2021-12-06 03:36:43,62.0989,126.6992,-19.05,97,88,3.53
377,Daru,PG,2021-12-06 03:36:43,-9.0763,143.2092,84.65,66,95,10.13
378,Tres Passos,BR,2021-12-06 03:34:09,-27.4556,-53.9319,66.61,86,0,5.7
379,Phalaborwa,ZA,2021-12-06 03:36:44,-23.943,31.1411,69.08,74,98,2.75
380,Pachora,IN,2021-12-06 03:36:45,20.6667,75.35,76.08,44,0,4.94
381,Deputatskiy,RU,2021-12-06 03:36:45,69.3,139.9,-20.33,99,100,0.45
382,Lady Lake,US,2021-12-06 03:36:45,28.9175,-81.9229,67.86,87,1,0.0
383,Alice Springs,AU,2021-12-06 03:36:46,-23.7,133.8833,89.15,29,0,6.91
384,Half Moon Bay,US,2021-12-06 03:36:46,37.4636,-122.4286,56.71,90,90,6.91
385,Neuquen,AR,2021-12-06 03:33:29,-38.9516,-68.0591,73.29,49,0,4.61
386,Batagay-Alyta,RU,2021-12-06 03:36:47,67.8006,130.4114,-18.65,99,100,1.36
387,Serta,PT,2021-12-06 03:36:47,39.8085,-8.0988,47.25,93,27,5.82
388,Yumen,CN,2021-12-06 03:36:48,40.2833,97.2,28.6,42,62,6.31
389,Cardston,CA,2021-12-06 03:36:48,49.2,-113.3019,-2.34,84,89,2.3
390,San Blas,MX,2021-12-06 03:36:48,21.5167,-105.2667,70.97,85,52,3.62
391,Karasjok,NO,2021-12-06 03:36:49,69.4719,25.5112,-2.09,94,18,6.35
392,Anton Lizardo,MX,2021-12-06 03:36:49,19.05,-95.9833,77.22,84,0,7.34
393,Ilulissat,GL,2021-12-06 03:32:57,69.2167,-51.1,28.42,59,20,10.36
394,Tsumeb,NA,2021-12-06 03:36:50,-19.2333,17.7167,62.15,70,0,4.0
395,Atar,MR,2021-12-06 03:36:50,20.5169,-13.0499,67.1,12,100,5.88
396,Pandan,PH,2021-12-06 03:36:51,14.0453,124.1694,81.12,66,91,14.65
397,Mathbaria,BD,2021-12-06 03:36:51,22.2876,89.9593,70.16,97,100,7.52
398,Srednekolymsk,RU,2021-12-06 03:36:52,67.45,153.6833,-45.65,99,90,4.16
399,Kabare,CD,2021-12-06 03:36:52,-2.4683,28.8242,60.35,92,100,0.94
400,San Cristobal,VE,2021-12-06 03:36:53,7.7669,-72.225,73.58,81,100,1.97
401,Riyadh,SA,2021-12-06 03:36:19,24.6877,46.7219,53.74,32,3,6.38
402,Port Hardy,CA,2021-12-06 03:36:53,50.6996,-127.4199,35.6,80,90,9.22
403,Tura,IN,2021-12-06 03:36:09,25.5198,90.2201,67.84,79,100,3.85
404,Biak,ID,2021-12-06 03:36:54,-0.9131,122.8766,83.03,76,100,0.85
405,Miles City,US,2021-12-06 03:36:54,46.4083,-105.8406,11.52,72,90,8.05
406,Gigmoto,PH,2021-12-06 03:36:54,13.7796,124.39,80.33,71,96,13.78
407,Omaha,US,2021-12-06 03:36:55,41.2586,-95.9378,36.07,51,20,8.01
408,George,ZA,2021-12-06 03:36:55,-33.963,22.4617,60.35,100,90,5.75
409,Hamilton,US,2021-12-06 03:34:25,39.1834,-84.5333,62.01,89,75,3.0
410,Paciran,ID,2021-12-06 03:36:56,-6.8767,112.3761,82.17,74,99,7.96
411,Faanui,PF,2021-12-06 03:36:56,-16.4833,-151.75,80.51,75,16,13.67
412,Oranjestad,AW,2021-12-06 03:37:57,12.524,-70.027,80.55,78,20,17.27
413,Belawan,ID,2021-12-06 03:37:57,3.7755,98.6832,82.69,77,88,5.37
414,Iquique,CL,2021-12-06 03:37:57,-20.2208,-70.1431,65.46,68,100,0.85
415,Cayenne,GF,2021-12-06 03:37:58,4.9333,-52.3333,76.08,91,75,1.14
416,Jurado,CO,2021-12-06 03:37:58,7.1053,-77.7641,76.14,94,100,3.47
417,Hammerfest,NO,2021-12-06 03:37:59,70.6634,23.6821,27.05,80,20,13.8
418,Bathsheba,BB,2021-12-06 03:37:59,13.2167,-59.5167,79.41,78,40,24.16
419,Adamantina,BR,2021-12-06 03:37:59,-21.6853,-51.0725,78.55,70,37,3.2
420,La Asuncion,VE,2021-12-06 03:38:00,11.0333,-63.8628,80.33,89,90,14.97
421,Bulls,NZ,2021-12-06 03:38:00,-40.1667,175.3833,63.21,90,100,4.05
422,Chapais,CA,2021-12-06 03:38:01,49.7834,-74.8492,1.18,94,100,4.52
423,Isangel,VU,2021-12-06 03:38:01,-19.55,169.2667,87.91,66,20,6.91
424,Aldan,RU,2021-12-06 03:38:01,58.6031,125.3894,-0.49,90,100,6.8
425,Mahebourg,MU,2021-12-06 03:38:02,-20.4081,57.7,79.25,78,75,12.66
426,Leh,IN,2021-12-06 03:34:39,34.1667,77.5833,20.34,84,94,2.62
427,Fare,PF,2021-12-06 03:38:02,-16.7,-151.0167,80.38,75,33,14.88
428,Kaeo,NZ,2021-12-06 03:38:03,-35.1,173.7833,72.14,74,78,7.94
429,Aklavik,CA,2021-12-06 03:38:03,68.2191,-135.0107,3.92,91,49,9.28
430,Huai Yot,TH,2021-12-06 03:38:04,7.7893,99.6348,82.02,57,84,11.45
431,Atherton,GB,2021-12-06 03:38:04,53.5237,-2.4935,39.72,91,100,4.0
432,La Union,PE,2021-12-06 03:38:04,-5.4,-80.75,68.11,78,100,11.61
433,Turukhansk,RU,2021-12-06 03:38:05,65.8167,87.9833,-35.61,99,19,4.0
434,Den Chai,TH,2021-12-06 03:38:05,17.9837,100.0522,77.61,52,80,2.21
435,Tsiroanomandidy,MG,2021-12-06 03:38:06,-18.7667,46.0333,74.75,60,0,4.74
436,Takoradi,GH,2021-12-06 03:38:06,4.8845,-1.7554,78.66,87,27,5.1
437,Quatre Cocos,MU,2021-12-06 03:38:06,-20.2078,57.7625,79.09,65,8,13.53
438,Ukiah,US,2021-12-06 03:36:11,39.1502,-123.2078,59.04,80,1,4.61
439,Pozo Colorado,PY,2021-12-06 03:38:07,-23.4923,-58.7972,77.31,55,42,4.34
440,Ucluelet,CA,2021-12-06 03:38:08,48.9329,-125.5528,41.09,66,100,1.01
441,Marfino,RU,2021-12-06 03:38:08,55.7028,37.3822,27.68,86,90,4.47
442,Kenai,US,2021-12-06 03:34:40,60.5544,-151.2583,22.14,97,90,5.75
443,Shetpe,KZ,2021-12-06 03:38:09,44.1667,52.1167,36.39,71,52,2.8
444,Hofn,IS,2021-12-06 03:38:09,64.2539,-15.2082,42.93,93,100,18.21
445,Sechura,PE,2021-12-06 03:38:09,-5.5569,-80.8222,66.79,83,100,10.13
446,Luba,GQ,2021-12-06 03:38:10,3.4568,8.5547,78.69,82,97,4.68
447,North Platte,US,2021-12-06 03:36:31,41.1239,-100.7654,30.09,53,75,8.01
448,Los Llanos De Aridane,ES,2021-12-06 03:38:10,28.6585,-17.9182,63.12,65,75,15.01
449,Joshimath,IN,2021-12-06 03:38:11,30.5667,79.5667,48.36,94,100,5.61
450,Tshikapa,CD,2021-12-06 03:38:11,-6.4167,20.8,69.01,95,100,3.04
451,Shaoxing,CN,2021-12-06 03:38:11,30.011,120.5715,58.95,51,0,2.62
452,Goundi,TD,2021-12-06 03:38:12,9.3627,17.366,73.96,30,50,3.53
453,Ginir,ET,2021-12-06 03:38:12,7.1333,40.7,54.81,44,12,4.29
454,Buraydah,SA,2021-12-06 03:38:13,26.326,43.975,52.25,50,33,8.01
455,Taman,RU,2021-12-06 03:38:13,45.2117,36.7161,46.35,85,85,8.5
456,Rabo De Peixe,PT,2021-12-06 03:38:13,37.8,-25.5833,60.31,96,40,4.61
457,Mindelo,CV,2021-12-06 03:38:14,16.8901,-24.9804,71.15,78,40,17.27
458,Epe,NG,2021-12-06 03:38:14,6.5841,3.9834,76.6,92,29,3.42
459,Esso,RU,2021-12-06 03:39:15,55.9333,158.7,19.18,84,68,22.91
460,Batesville,US,2021-12-06 03:34:35,35.7698,-91.641,70.21,77,75,15.99
461,Tatarka,RU,2021-12-06 03:39:15,44.9589,41.9517,40.82,93,68,2.84
462,Vanimo,PG,2021-12-06 03:39:16,-2.6741,141.3028,87.21,69,61,9.73
463,Tamandare,BR,2021-12-06 03:39:16,-8.7597,-35.1047,77.07,85,18,10.13
464,Laguna,US,2021-12-06 03:39:17,38.421,-121.4238,54.64,97,1,0.0
465,Faya,SA,2021-12-06 03:39:17,18.3851,42.4509,50.11,55,0,2.75
466,Wajima,JP,2021-12-06 03:39:17,37.4,136.9,47.08,100,75,2.3
467,Seymchan,RU,2021-12-06 03:39:18,62.8833,152.4333,-44.37,96,64,1.3
468,Lodja,CD,2021-12-06 03:39:18,-3.4833,23.4333,69.13,98,100,0.72
469,Vila Franca Do Campo,PT,2021-12-06 03:39:19,37.7167,-25.4333,61.21,84,31,1.9
470,Maraba,BR,2021-12-06 03:39:19,-5.3686,-49.1178,72.16,99,91,0.98
471,Jumla,NP,2021-12-06 03:39:04,29.2747,82.1838,50.38,53,48,4.41
472,Sumenep,ID,2021-12-06 03:39:20,-7.0167,113.8667,77.99,85,100,4.41
473,Ilo,PE,2021-12-06 03:39:20,-17.6394,-71.3375,66.87,85,100,4.14
474,Charapan,MX,2021-12-06 03:39:20,19.6667,-102.2333,49.06,82,96,2.95
475,Nantucket,US,2021-12-06 03:39:21,41.2835,-70.0995,46.51,62,90,11.5
476,Lorengau,PG,2021-12-06 03:39:21,-2.0226,147.2712,84.34,81,99,15.82
477,Serenje,ZM,2021-12-06 03:39:22,-13.2325,30.2352,64.87,61,4,2.82
478,Yantzaza,EC,2021-12-06 03:39:22,-3.8278,-78.7594,66.72,99,100,0.89
479,Lander,US,2021-12-06 03:39:22,42.833,-108.7307,20.21,85,90,4.61
480,Riverton,US,2021-12-06 03:36:41,40.5219,-111.9391,47.01,51,1,1.01
481,Santa Fe,AR,2021-12-06 03:34:54,-31.6333,-60.7,73.74,73,12,5.7
482,Erzurum,TR,2021-12-06 03:39:23,40.0,41.5,8.28,84,5,3.89
483,Samarai,PG,2021-12-06 03:39:24,-10.6167,150.6667,84.27,71,94,13.51
484,Vila Velha,BR,2021-12-06 03:35:46,-20.3297,-40.2925,75.15,91,20,3.0
485,Northam,GB,2021-12-06 03:39:24,51.0333,-4.2167,44.56,84,100,11.03
486,Letlhakane,BW,2021-12-06 03:39:24,-21.4167,25.5833,70.99,74,97,5.66
487,Santa Maria,BR,2021-12-06 03:37:23,-29.6842,-53.8069,69.1,83,75,8.05
488,Zahesi,GE,2021-12-06 03:39:25,41.8246,44.7536,40.71,59,2,4.45
489,Verkhnevilyuysk,RU,2021-12-06 03:39:26,63.4453,120.3167,-26.54,92,94,5.75
490,Touros,BR,2021-12-06 03:39:26,-5.1989,-35.4608,77.9,79,28,14.03
491,Saint Anthony,US,2021-12-06 03:39:27,45.0205,-93.218,32.2,81,90,5.01
492,Wanaka,NZ,2021-12-06 03:39:27,-44.7,169.15,54.1,63,100,1.99
493,Vilhena,BR,2021-12-06 03:39:28,-12.7406,-60.1458,69.73,98,96,1.3
494,Paarl,ZA,2021-12-06 03:39:28,-33.7338,18.9752,59.02,95,76,3.67
495,Inhambane,MZ,2021-12-06 03:39:28,-23.865,35.3833,78.71,83,0,6.58
496,Forbes,AU,2021-12-06 03:39:29,-33.3833,148.0167,62.92,78,100,11.27
497,Isla Mujeres,MX,2021-12-06 03:37:04,21.2311,-86.731,78.85,78,23,12.93
498,Buchanan,LR,2021-12-06 03:39:29,5.8808,-10.0467,78.15,85,52,3.51
499,Navahrudak,BY,2021-12-06 03:39:30,53.6,25.8333,24.13,95,100,4.63
500,Yulara,AU,2021-12-06 03:39:30,-25.2406,130.9889,89.44,29,0,8.05
501,Napasar,IN,2021-12-06 03:39:31,27.9667,73.55,68.49,38,0,6.93
502,Masvingo,ZW,2021-12-06 03:39:31,-20.0637,30.8277,72.57,61,82,2.57
503,Campbeltown,GB,2021-12-06 03:40:31,55.4258,-5.6076,39.25,91,100,28.52
504,Gobabis,NA,2021-12-06 03:37:29,-22.45,18.9667,61.7,18,0,6.71
505,Ostrovnoy,RU,2021-12-06 03:40:32,68.0531,39.5131,10.44,75,89,23.15
506,Esna,EG,2021-12-06 03:40:32,25.2934,32.554,51.82,53,91,7.18
507,Saint-Louis,SN,2021-12-06 03:40:33,16.3333,-15.0,76.64,16,98,11.41
508,Kavaratti,IN,2021-12-06 03:40:33,10.5669,72.642,80.91,69,81,12.08
509,Boueni,YT,2021-12-06 03:40:34,-12.9025,45.0761,80.58,75,9,5.12
510,Hagi,JP,2021-12-06 03:40:34,34.4,131.4167,59.86,56,27,3.11
511,Albina,SR,2021-12-06 03:40:35,5.5,-54.05,73.15,99,100,1.57
512,Port Shepstone,ZA,2021-12-06 03:40:35,-30.7414,30.455,73.72,84,99,5.53
513,Puerto Ayacucho,VE,2021-12-06 03:40:36,5.6639,-67.6236,76.87,80,100,3.4
514,Tigil,RU,2021-12-06 03:40:36,57.8,158.6667,23.4,88,100,24.81
515,Arona,ES,2021-12-06 03:40:36,28.0996,-16.681,63.39,61,20,19.57
516,Shache,CN,2021-12-06 03:40:37,38.4167,77.2406,35.13,27,100,1.52
517,Mount Isa,AU,2021-12-06 03:40:37,-20.7333,139.5,91.17,31,97,16.11
518,Cockburn Town,TC,2021-12-06 03:40:16,21.4612,-71.1419,80.46,77,57,21.14
519,Brae,GB,2021-12-06 03:40:38,60.3964,-1.353,40.91,66,90,15.66
520,Rawson,AR,2021-12-06 03:40:38,-43.3002,-65.1023,64.9,58,2,8.19
521,Raychikhinsk,RU,2021-12-06 03:40:38,49.7838,129.4121,12.24,91,44,7.05
522,La Palma,US,2021-12-06 03:40:39,33.8464,-118.0467,69.1,88,1,0.0
523,Marsh Harbour,BS,2021-12-06 03:40:39,26.5412,-77.0636,77.16,77,18,17.02
524,Makushino,RU,2021-12-06 03:40:40,55.2103,67.2442,25.0,96,100,4.97
525,Mizan Teferi,ET,2021-12-06 03:40:40,6.9833,35.5833,62.44,74,8,3.36
526,Gorin,RU,2021-12-06 03:40:40,51.1983,136.6669,19.85,88,88,4.14
527,Paamiut,GL,2021-12-06 03:40:41,61.994,-49.6678,24.28,65,100,16.08
528,Samana,DO,2021-12-06 03:40:41,19.2056,-69.3369,76.64,87,24,9.46
529,Tynda,RU,2021-12-06 03:40:42,55.1667,124.7167,10.35,62,80,4.41
530,Sterling,US,2021-12-06 03:40:42,39.0062,-77.4286,49.1,57,90,7.0
531,Birakan,RU,2021-12-06 03:40:42,49.0167,131.7,22.51,73,83,9.42
532,Ciudad Bolivar,VE,2021-12-06 03:40:43,8.1222,-63.5497,76.42,81,21,11.48
533,Phultala,BD,2021-12-06 03:40:43,22.7,89.5167,70.72,95,100,9.04
534,Thunder Bay,CA,2021-12-06 03:39:08,48.4001,-89.3168,31.55,92,90,26.46
535,Itapirapua,BR,2021-12-06 03:40:44,-15.8233,-50.6133,71.46,92,7,1.61
536,Trincomalee,LK,2021-12-06 03:40:44,8.5711,81.2335,81.72,74,2,5.44
537,Banda Aceh,ID,2021-12-06 03:40:45,5.5577,95.3222,83.52,70,61,7.63
538,Canguaretama,BR,2021-12-06 03:40:45,-6.38,-35.1289,77.49,82,82,10.33
539,Lagoa,PT,2021-12-06 03:40:45,39.05,-27.9833,62.85,76,65,12.37
540,Kloulklubed,PW,2021-12-06 03:40:46,7.0419,134.2556,86.5,77,100,13.87
541,Pangody,RU,2021-12-06 03:40:46,65.85,74.4859,-24.21,99,13,9.75
542,Sisimiut,GL,2021-12-06 03:40:46,66.9395,-53.6735,25.74,67,100,36.62
543,Cartagena,CO,2021-12-06 03:39:38,10.3997,-75.5144,80.22,89,40,0.0
544,Wewak,PG,2021-12-06 03:40:47,-3.5534,143.6268,85.39,75,100,2.89
545,Brandon,US,2021-12-06 03:40:47,27.9378,-82.2859,68.32,85,1,0.0
546,Kijang,KR,2021-12-06 03:40:48,35.2442,129.2139,53.33,54,27,1.83
547,Kruisfontein,ZA,2021-12-06 03:40:48,-34.0033,24.7314,60.89,85,80,14.38
548,Nanortalik,GL,2021-12-06 03:38:08,60.1432,-45.2371,26.37,60,100,38.56
549,Sokoto,NG,2021-12-06 03:41:49,13.0609,5.239,67.55,18,49,10.6
550,Taoudenni,ML,2021-12-06 03:41:49,22.6783,-3.9836,58.8,25,100,11.34
551,Plouzane,FR,2021-12-06 03:41:50,48.3833,-4.6167,42.85,87,0,5.75
552,Darnah,LY,2021-12-06 03:41:50,32.767,22.6367,59.54,76,13,18.63
553,Makaha,US,2021-12-06 03:41:50,21.4694,-158.2175,73.31,94,90,5.75
554,Kastamonu,TR,2021-12-06 03:41:51,41.5,33.6667,40.57,89,42,2.24
555,Siatista,GR,2021-12-06 03:41:51,40.2619,21.5442,41.47,88,100,6.76
556,Alugan,PH,2021-12-06 03:41:52,12.2188,125.4808,79.66,82,90,14.27
557,Russell,US,2021-12-06 03:41:52,32.3502,-85.1999,61.83,93,1,0.0
558,Wyszkow,PL,2021-12-06 03:41:53,52.5928,21.4584,34.21,96,99,7.43
559,Pierre,US,2021-12-06 03:37:51,44.3683,-100.351,30.85,66,90,1.99
560,Mishelevka,RU,2021-12-06 03:41:53,52.8575,103.1719,16.77,78,41,1.28
561,Ferme-Neuve,CA,2021-12-06 03:41:54,46.7001,-75.4493,20.98,90,100,9.86
562,Bereda,ES,2021-12-06 03:41:54,43.2686,-7.5406,50.0,100,100,3.33
563,Fergus Falls,US,2021-12-06 03:41:54,46.283,-96.0776,18.86,91,90,8.99
564,Ambilobe,MG,2021-12-06 03:37:41,-13.2,49.05,81.41,61,11,4.23
565,Abu Dhabi,AE,2021-12-06 03:41:55,24.4667,54.3667,70.97,90,3,1.99
566,Cururupu,BR,2021-12-06 03:41:55,-1.8283,-44.8683,75.43,96,66,3.4
567,Lahat,ID,2021-12-06 03:41:56,-3.8,103.5333,84.33,70,96,4.09
568,Kieta,PG,2021-12-06 03:41:56,-6.2167,155.6333,83.19,77,100,0.38
569,Orsha,BY,2021-12-06 03:41:57,54.5153,30.4053,23.59,97,100,4.63
570,Fairfield,US,2021-12-06 03:41:57,41.2668,-73.3162,47.77,72,90,4.61
571,Te Anau,NZ,2021-12-06 03:41:57,-45.4167,167.7167,54.21,60,98,5.19
572,Linhares,BR,2021-12-06 03:41:58,-19.3911,-40.0722,70.2,96,77,2.53
573,Amiens,FR,2021-12-06 03:41:58,49.9,2.3,41.23,94,25,3.36
574,Kofele,ET,2021-12-06 03:41:58,7.0667,38.7833,44.26,66,6,7.05
575,Maceio,BR,2021-12-06 03:41:59,-9.6658,-35.7353,78.24,88,75,3.44
576,Jaciara,BR,2021-12-06 03:41:59,-15.9653,-54.9683,72.23,93,96,2.06
577,Zaykovo,RU,2021-12-06 03:42:00,57.5613,62.7568,22.55,90,100,7.67
578,Zyryanka,RU,2021-12-06 03:42:00,65.75,150.85,-42.97,96,46,5.7
579,Nabire,ID,2021-12-06 03:42:00,-3.3667,135.4833,91.85,54,91,6.31
580,Brewster,US,2021-12-06 03:42:01,41.3973,-73.6171,45.88,67,90,4.61
581,Gao,ML,2021-12-06 03:42:01,16.6362,1.637,71.13,14,0,7.81
582,La Plata,AR,2021-12-06 03:40:00,-34.9215,-57.9545,69.01,90,7,6.87
583,Lebu,CL,2021-12-06 03:42:02,-37.6167,-73.65,56.03,84,1,8.16
584,Beni Mazar,EG,2021-12-06 03:42:02,28.4962,30.8029,55.18,77,2,3.44
585,Millinocket,US,2021-12-06 03:42:03,45.6573,-68.7098,25.36,68,90,0.0
586,Synya,RU,2021-12-06 03:42:03,65.3718,58.0387,-0.35,97,98,5.84
587,Bilibino,RU,2021-12-06 03:42:03,68.0546,166.4372,-19.61,98,100,3.31
588,Bintulu,MY,2021-12-06 03:42:04,3.1667,113.0333,82.81,78,40,5.99
589,Tarko-Sale,RU,2021-12-06 03:42:04,64.9225,77.785,-33.09,100,49,2.37
590,Lengshuitan,CN,2021-12-06 03:42:04,26.4111,111.5956,64.0,34,23,4.16
591,Linguere,SN,2021-12-06 03:42:05,15.3953,-15.1193,73.78,16,100,10.2
592,Riberalta,BO,2021-12-06 03:42:05,-10.9833,-66.1,73.24,99,100,2.62
593,Petushki,RU,2021-12-06 03:42:06,55.9264,39.461,20.26,95,100,4.07
594,Calama,CL,2021-12-06 03:42:06,-22.4667,-68.9333,57.02,20,64,5.5
595,Itacarambi,BR,2021-12-06 03:43:06,-15.1022,-44.0919,68.72,94,7,1.39
596,Minab,IR,2021-12-06 03:43:07,27.1467,57.0801,56.7,42,28,1.61
597,Jijiga,ET,2021-12-06 03:43:07,9.35,42.8,57.78,39,2,2.01
598,Padang,ID,2021-12-06 03:43:08,-0.9492,100.3543,87.85,65,66,4.72
599,Tazovskiy,RU,2021-12-06 03:43:08,67.4667,78.7,-11.06,86,100,16.33
600,Awbari,LY,2021-12-06 03:43:08,26.5921,12.7805,47.82,26,0,5.14
601,Kirkwood,US,2021-12-06 03:39:44,38.5834,-90.4068,60.4,92,90,1.01
602,Kirriemuir,GB,2021-12-06 03:43:09,56.674,-3.0034,32.49,89,100,8.55
603,Santiago Del Estero,AR,2021-12-06 03:43:10,-27.7951,-64.2615,77.81,43,100,3.74
604,Roald,NO,2021-12-06 03:40:40,62.5833,6.1333,35.33,69,90,18.41
605,Nhulunbuy,AU,2021-12-06 03:43:10,-12.2333,136.7667,92.01,55,40,12.66
606,Nucsoara,RO,2021-12-06 03:43:11,45.3333,24.7833,37.99,94,100,0.87
607,Sioux Lookout,CA,2021-12-06 03:40:36,50.1001,-91.917,19.78,93,90,4.61
608,Gediz,TR,2021-12-06 03:43:12,39.0417,29.41,46.94,88,86,7.72
609,Varna,BG,2021-12-06 03:43:12,43.2167,27.9167,51.94,91,75,4.61
610,Prince Rupert,CA,2021-12-06 03:43:13,54.3161,-130.3201,35.29,75,90,6.91
611,Santa Maria Do Suacui,BR,2021-12-06 03:43:13,-18.1903,-42.4142,64.87,97,5,0.11
612,Pietarsaari,FI,2021-12-06 03:43:13,63.65,22.6833,10.89,92,9,5.5
613,Monrovia,LR,2021-12-06 03:38:42,6.3005,-10.7969,79.0,83,56,6.33
614,Havoysund,NO,2021-12-06 03:43:14,70.9963,24.6622,27.48,94,100,32.5
615,Manggar,ID,2021-12-06 03:43:14,-2.8833,108.2667,80.78,83,100,8.77
616,Shizunai,JP,2021-12-06 03:43:15,42.3339,142.3669,42.98,73,99,2.48
617,Ratnagiri,IN,2021-12-06 03:43:15,16.9833,73.3,76.77,70,3,2.15
618,Salinopolis,BR,2021-12-06 03:43:16,-0.6136,-47.3561,79.29,86,31,9.22
619,Callaguip,PH,2021-12-06 03:43:16,18.0714,120.4867,83.05,65,75,12.66
620,Marshfield,US,2021-12-06 03:43:16,44.6689,-90.1718,31.73,93,90,10.36
621,Pathein,MM,2021-12-06 03:43:17,16.7833,94.7333,79.48,57,30,9.51
622,Tecoanapa,MX,2021-12-06 03:43:17,16.5167,-98.75,78.17,80,0,3.78
623,Rantoul,US,2021-12-06 03:43:18,40.3084,-88.1559,56.98,97,90,10.0
624,Ust-Kuyga,RU,2021-12-06 03:43:18,70.0167,135.6,-20.81,99,100,1.14
625,Borna,DE,2021-12-06 03:43:18,51.1167,12.5,35.62,97,90,1.01
626,Tutoia,BR,2021-12-06 03:43:19,-2.7619,-42.2744,80.8,83,82,11.74
627,Comodoro Rivadavia,AR,2021-12-06 03:40:53,-45.8667,-67.5,58.86,72,0,2.3
628,Umm Kaddadah,SD,2021-12-06 03:43:19,13.6017,26.6876,65.8,15,2,15.14
629,Victor Harbor,AU,2021-12-06 03:43:20,-35.5667,138.6167,82.18,72,22,4.0
630,Bulgan,MN,2021-12-06 03:43:20,48.8125,103.5347,26.06,31,72,3.2
631,Makat,KZ,2021-12-06 03:43:20,47.6469,53.3463,36.7,65,99,6.35
632,Kotelnikovo,RU,2021-12-06 03:43:21,47.6317,43.1461,39.07,87,100,4.23
633,Kanker,IN,2021-12-06 03:43:21,20.2719,81.4931,71.44,81,72,4.54
634,Rexburg,US,2021-12-06 03:39:16,43.826,-111.7897,34.86,42,1,4.61
635,Sept-Iles,CA,2021-12-06 03:43:22,50.2001,-66.3821,10.83,66,1,4.61
636,Xai-Xai,MZ,2021-12-06 03:43:22,-25.0519,33.6442,79.56,63,93,8.28
637,Reftinskiy,RU,2021-12-06 03:44:23,57.0901,61.6769,25.2,80,100,8.3
638,Coromandel,BR,2021-12-06 03:44:23,-18.4733,-47.2003,64.4,91,0,1.52
639,Charters Towers,AU,2021-12-06 03:42:19,-20.1,146.2667,93.79,29,22,8.84
640,Nyurba,RU,2021-12-06 03:44:24,63.2842,118.3319,-28.23,93,57,5.59
641,Voi,KE,2021-12-06 03:44:24,-3.3945,38.563,71.01,87,95,1.48
642,Sheboygan,US,2021-12-06 03:44:24,43.7333,-87.9334,35.38,91,90,4.0
643,Haapsalu,EE,2021-12-06 03:44:25,58.9431,23.5414,7.99,78,21,9.13
644,Kramat,ID,2021-12-06 03:44:25,-8.1311,113.4499,80.28,82,100,3.02
645,Kysyl-Syr,RU,2021-12-06 03:44:26,63.8986,122.7617,-27.72,95,79,5.23
646,Ourossogui,SN,2021-12-06 03:44:26,15.6064,-13.3211,77.0,27,0,4.61
647,Adeje,ES,2021-12-06 03:44:26,28.1227,-16.726,67.57,61,20,14.97
648,Mezen,RU,2021-12-06 03:44:27,65.8522,44.24,12.07,73,74,11.23
649,Carballo,ES,2021-12-06 03:44:27,43.213,-8.691,53.55,93,100,4.65
650,Kutum,SD,2021-12-06 03:44:27,14.2,24.6667,59.31,23,1,6.58
651,Suntar,RU,2021-12-06 03:44:28,62.1444,117.6319,-21.1,91,14,4.97
652,Pedernales,DO,2021-12-06 03:44:28,18.0384,-71.744,78.35,67,55,4.97
653,Watsa,CD,2021-12-06 03:44:29,3.0372,29.5355,63.07,82,97,2.51
654,Port Hedland,AU,2021-12-06 03:44:29,-20.3167,118.5667,104.05,24,43,13.8
655,Houma,US,2021-12-06 03:40:02,29.5958,-90.7195,69.01,95,100,1.99
656,Garissa,KE,2021-12-06 03:44:30,-0.4536,39.6401,76.28,81,30,5.84
657,Ternate,ID,2021-12-06 03:44:30,0.8,127.4,83.37,74,100,8.93
658,Usinsk,RU,2021-12-06 03:44:30,65.9939,57.5281,4.53,96,99,10.76
659,Praia,CV,2021-12-06 03:44:31,14.9215,-23.5087,72.14,78,63,18.41
660,Skelleftea,SE,2021-12-06 03:44:31,64.7507,20.9528,-14.44,76,100,5.75
661,Corinto,GR,2021-12-06 03:40:18,37.9407,22.9573,58.03,83,43,5.53
662,Maragogi,BR,2021-12-06 03:42:57,-9.0122,-35.2225,77.25,85,18,9.53
663,Wellington,NZ,2021-12-06 03:44:07,-41.2866,174.7756,58.77,96,90,4.0
664,Agirish,RU,2021-12-06 03:44:32,61.9247,63.0231,-5.24,98,98,2.06
665,Bambui,BR,2021-12-06 03:44:32,-20.0064,-45.9769,68.2,86,58,1.1
666,Hirara,JP,2021-12-06 03:41:37,24.8,125.2833,76.86,53,20,13.8
667,Meadow Lake,US,2021-12-06 03:43:11,34.8014,-106.5436,52.57,36,1,8.52
668,Nsanje,MW,2021-12-06 03:44:33,-16.92,35.262,79.39,68,8,2.01
669,Auki,SB,2021-12-06 03:40:44,-8.7676,160.7034,78.93,88,100,10.56
670,Sangar,RU,2021-12-06 03:44:34,63.9242,127.4739,-36.22,100,79,1.63
671,Adre,TD,2021-12-06 03:44:34,13.4667,22.2,66.49,25,13,12.59
672,Aripuana,BR,2021-12-06 03:44:35,-9.1667,-60.6333,72.93,94,100,0.85
673,Doka,SD,2021-12-06 03:44:35,13.5167,35.7667,71.94,35,0,9.04
674,Chertkovo,RU,2021-12-06 03:44:35,49.3847,40.1547,28.71,94,100,5.93
675,Otavi,NA,2021-12-06 03:44:36,-19.65,17.3333,65.26,30,0,4.56
676,Aktau,KZ,2021-12-06 03:44:36,43.65,51.2,30.78,64,64,7.45
677,Jennings,US,2021-12-06 03:44:37,38.7192,-90.2604,60.84,92,90,5.01
678,Dong Hoi,VN,2021-12-06 03:44:37,17.4833,106.6,72.66,55,86,13.15
679,Glens Falls,US,2021-12-06 03:44:38,43.3095,-73.644,42.71,77,90,3.44
680,Vuktyl,RU,2021-12-06 03:44:38,63.8567,57.3094,-4.31,89,89,1.3
681,Torbat-E Jam,IR,2021-12-06 03:44:38,35.244,60.6225,43.63,45,6,2.86
682,Francistown,BW,2021-12-06 03:44:39,-21.17,27.5079,69.15,78,98,11.72
683,Villa Carlos Paz,AR,2021-12-06 03:44:39,-31.4241,-64.4978,65.48,87,64,1.99
684,Miri,MY,2021-12-06 03:40:46,4.4148,114.0089,78.94,94,40,5.75
685,Urumqi,CN,2021-12-06 03:45:40,43.801,87.6005,27.55,64,76,0.0
686,Borzya,RU,2021-12-06 03:45:40,50.3833,116.5167,19.69,75,11,7.23
687,Guymon,US,2021-12-06 03:45:40,36.6828,-101.4816,37.4,52,20,28.77
688,Halifax,CA,2021-12-06 03:45:41,44.6453,-63.5724,28.4,87,82,3.44
689,Los Andes,CL,2021-12-06 03:45:42,-32.8337,-70.5983,73.58,43,35,0.72
